Body Part,Threshold,ROC AUC,Sensitivity,Specificity,Sensitivity CI,Specificity CI
Pelvis,0.133656576,"(0.9107957495413798, 0.880937265178142, 0.9406542339046176)",0.8265895953757225,0.888622754491018,"(0.7632454761293738, 0.8757449549243235)","(0.8654793246505665, 0.9082068030146212)"
Hip,0.267937541,"(0.9466563587166602, 0.9245302897903663, 0.9687824276429541)",0.9547738693467337,0.9034690799396682,"(0.9162958276873201, 0.9760266839546351)","(0.8786102635138354, 0.9236793855822852)"
Femur,0.301531285,"(0.9644409976734296, 0.9506371168764847, 0.9782448784703746)",0.9352112676056338,0.9342806394316163,"(0.9046612359967016, 0.9564432780009441)","(0.9107276129997313, 0.9519474655263837)"
Fibula and tibia,0.393286884,"(0.9348983946521746, 0.9181559268005662, 0.951640862503783)",0.9237668161434978,0.8921933085501859,"(0.8953595681372185, 0.9449364796992038)","(0.8631517327208217, 0.9156738686247705)"
Wrist,0.307302386,"(0.9264709792347984, 0.9074053595861576, 0.9455365988834391)",0.8809523809523809,0.8659966499162479,"(0.8444125240891133, 0.9098272090437931)","(0.8363177812169975, 0.8909955450932818)"
